{
  "project_info": {
    "project_number": "770919611667",
    "firebase_url": "https://dailymeat-5f2f0.firebaseio.com",
    "project_id": "dailymeat-5f2f0",
    "storage_bucket": "dailymeat-5f2f0.appspot.com"
  },
  "client": [
    {
      "client_info": {
        "mobilesdk_app_id": "1:770919611667:android:580bd340a7e3b26853aee6",
        "android_client_info": {
          "package_name": "com.tdmdelivery"
        }
      },
      "oauth_client": [
        {
          "client_id": "770919611667-egh9r0nh20qt1usjo2j9rc9hbq07mqqv.apps.googleusercontent.com",
          "client_type": 3
        }
      ],
      "api_key": [
        {
          "current_key": "AIzaSyDKSEIA4sXygpoDPeTYtuvRqyHfyCPdhIU"
        }
      ],
      "services": {
        "appinvite_service": {
          "other_platform_oauth_client": [
            {
              "client_id": "770919611667-egh9r0nh20qt1usjo2j9rc9hbq07mqqv.apps.googleusercontent.com",
              "client_type": 3
            },
            {
              "client_id": "770919611667-065ptn72n40o5f0k62qossfs031595aj.apps.googleusercontent.com",
              "client_type": 2,
              "ios_info": {
                "bundle_id": "com.TheDailyMeat"
              }
            }
          ]
        }
      }
    },
    {
      "client_info": {
        "mobilesdk_app_id": "1:770919611667:android:baea573100cf12f353aee6",
        "android_client_info": {
          "package_name": "com.thedailymeat"
        }
      },
      "oauth_client": [
        {
          "client_id": "770919611667-egh9r0nh20qt1usjo2j9rc9hbq07mqqv.apps.googleusercontent.com",
          "client_type": 3
        }
      ],
      "api_key": [
        {
          "current_key": "AIzaSyDKSEIA4sXygpoDPeTYtuvRqyHfyCPdhIU"
        }
      ],
      "services": {
        "appinvite_service": {
          "other_platform_oauth_client": [
            {
              "client_id": "770919611667-egh9r0nh20qt1usjo2j9rc9hbq07mqqv.apps.googleusercontent.com",
              "client_type": 3
            },
            {
              "client_id": "770919611667-065ptn72n40o5f0k62qossfs031595aj.apps.googleusercontent.com",
              "client_type": 2,
              "ios_info": {
                "bundle_id": "com.TheDailyMeat"
              }
            }
          ]
        }
      }
    }
  ],
  "configuration_version": "1"
}